{"cameraMode":{"drawMode":0,"name":"Shaded","section":"Shading Mode"},"sceneLighting":false,"audioPlay":false,"sceneViewState":{"showFog":true,"showMaterialUpdate":false,"showSkybox":true,"showFlares":true,"showImageEffects":true,"showParticleSystems":true},"in2DMode":false,"pivot":{"x":557.6775512695313,"y":435.7481689453125,"z":1772.648681640625},"rotation":{"x":-0.009768536314368248,"y":0.9461896419525147,"z":-0.028687626123428346,"w":-0.3221907615661621},"size":2.648796319961548,"orthographic":false}